stimulus,erb_max
kuip,4.8
pees,12.8
oog,4.8
saus,12.8
schaats,3.8
spook,3.8
cake,3.8
pook,3.2
fee,3.8
hout,6.8
sjeik,12.8
aas,6.8
steek,3.2
toast,12.8
huis,3.2
heup,4.8
haas,4.8
scheut,12.8
staaf,6.8
teek,6.8
thee,3.2
ijs,3.8
goud,3.2
keus,3.2
haak,12.8
spijs,3.8
goot,3.8
geest,3.8
tijd,4.8
kuif,12.8
geit,12.8
poos,6.8
puist,6.8
gaap,3.2
kaas,4.8
feit,6.8
spaak,4.8
pauw,4.8
kei,6.8
pijp,4.8
taak,4.8
hoofd,6.8
staat,3.2
schoot,6.8
haag,3.2
peuk,3.8
schaaf,3.2
gaas,12.8
eik,3.2
touw,3.8
feest,4.8
tape,12.8
keu,12.8
aap,12.8
paus,4.8
hei,4.8
cape,6.8
spuit,6.8
hoop,6.8
kaak,3.2
kous,3.8
poot,3.8
huid,3.8
kou,3.2
kuit,6.8
steeg,12.8
schaap,4.8
schijf,3.2
haast,12.8
stoot,3.8
